{"frequently": {"companies": [10.0, 12.828748337322592, 16.457678390235717, 21.113141428492643, 27.085517799643174, 34.747329143769385, 44.57647409795323, 57.18603679678211, 73.36252744747871, 94.11494020136256, 120.73768826254451, 154.89134175502915, 198.70620430054956, 254.91518880363586, 327.0242804522918, 419.53121941164557, 538.2060433482068, 690.4509883740278, 885.7621969106051, 1136.3220310880142, 1457.7589366983395, 1870.1222535385973, 2399.132775067326, 3077.7870599161092, 3948.4155627531777, 5065.322958572848, 6498.175348279337, 8336.345619486921, 10694.48800053392, 13719.689515536622, 17600.64440610223, 22579.423766059062, 28966.574509653183, 37160.4894578645, 47672.2567346672, 61157.53843212788, 78457.46694759015, 100651.10986544414, 129122.77583359901, 165648.3595785761, 212506.1117523873, 272618.7427814328, 349735.72431802814, 448667.1591847216, 575583.8072402248, 738401.9810122842, 947277.3186187049, 1215238.2326213114, 1558998.5456191495, 2000000.0000000002], "savings": [2817.0731707317073, 3613.9522755140474, 4636.248424566404, 5947.726426807074, 7630.18855087509, 9788.576868549668, 12557.518922716095, 16109.72500006911, 20666.760780936078, 26512.867300627746, 34012.69023005827, 43634.02432367285, 55976.99169930116, 71811.47391907303, 92125.13266399928, 118185.0142488904, 151616.58050418997, 194505.0955053664, 249525.6920565241, 320110.2307089406, 410661.3589967274, 526827.1226431902, 675853.2573665271, 867035.1351714893, 1112297.5548731512, 1426938.5407686925, 1830583.543234789, 2348409.5586603405, 3012715.522101629, 3864936.9244987313, 4958230.314401969, 6360788.890194688, 8160095.989914495, 10468381.786300853, 13429623.54354649, 17228526.070514075, 22102042.51816259, 28354154.120631218, 36374830.753123626, 46664354.954452544, 59864526.60341643, 76798694.61281827, 98523112.58227378, 126392821.67276913, 162146170.08840477, 208013240.99248493, 266854951.95234248, 342341502.11649144, 439181297.6073458, 563414634.1463416]}, "often": {"companies": [10.0, 12.828748337322592, 16.457678390235717, 21.113141428492643, 27.085517799643174, 34.747329143769385, 44.57647409795323, 57.18603679678211, 73.36252744747871, 94.11494020136256, 120.73768826254451, 154.89134175502915, 198.70620430054956, 254.91518880363586, 327.0242804522918, 419.53121941164557, 538.2060433482068, 690.4509883740278, 885.7621969106051, 1136.3220310880142, 1457.7589366983395, 1870.1222535385973, 2399.132775067326, 3077.7870599161092, 3948.4155627531777, 5065.322958572848, 6498.175348279337, 8336.345619486921, 10694.48800053392, 13719.689515536622, 17600.64440610223, 22579.423766059062, 28966.574509653183, 37160.4894578645, 47672.2567346672, 61157.53843212788, 78457.46694759015, 100651.10986544414, 129122.77583359901, 165648.3595785761, 212506.1117523873, 272618.7427814328, 349735.72431802814, 448667.1591847216, 575583.8072402248, 738401.9810122842, 947277.3186187049, 1215238.2326213114, 1558998.5456191495, 2000000.0000000002], "savings": [1878.0487804878048, 2409.301517009365, 3090.832283044269, 3965.150951204716, 5086.79236725006, 6525.7179123664455, 8371.67928181073, 10739.816666712739, 13777.840520624051, 17675.244867085163, 22675.126820038848, 29089.34954911523, 37317.99446620077, 47874.315946048686, 61416.75510933285, 78790.00949926027, 101077.72033612664, 129670.06367024426, 166350.46137101608, 213406.82047262706, 273774.2393311516, 351218.0817621268, 450568.83824435144, 578023.4234476596, 741531.7032487675, 951292.3605124616, 1220389.0288231927, 1565606.3724402268, 2008477.0147344193, 2576624.6163324877, 3305486.87626798, 4240525.926796459, 5440063.99327633, 6978921.190867236, 8953082.362364328, 11485684.047009384, 14734695.012108393, 18902769.413754147, 24249887.168749083, 31109569.96963503, 39909684.40227762, 51199129.741878845, 65682075.05484919, 84261881.11517942, 108097446.7256032, 138675493.99498996, 177903301.30156165, 228227668.07766095, 292787531.7382305, 375609756.09756106]}, "rarely": {"companies": [10.0, 12.828748337322592, 16.457678390235717, 21.113141428492643, 27.085517799643174, 34.747329143769385, 44.57647409795323, 57.18603679678211, 73.36252744747871, 94.11494020136256, 120.73768826254451, 154.89134175502915, 198.70620430054956, 254.91518880363586, 327.0242804522918, 419.53121941164557, 538.2060433482068, 690.4509883740278, 885.7621969106051, 1136.3220310880142, 1457.7589366983395, 1870.1222535385973, 2399.132775067326, 3077.7870599161092, 3948.4155627531777, 5065.322958572848, 6498.175348279337, 8336.345619486921, 10694.48800053392, 13719.689515536622, 17600.64440610223, 22579.423766059062, 28966.574509653183, 37160.4894578645, 47672.2567346672, 61157.53843212788, 78457.46694759015, 100651.10986544414, 129122.77583359901, 165648.3595785761, 212506.1117523873, 272618.7427814328, 349735.72431802814, 448667.1591847216, 575583.8072402248, 738401.9810122842, 947277.3186187049, 1215238.2326213114, 1558998.5456191495, 2000000.0000000002], "savings": [939.0243902439024, 1204.6507585046825, 1545.4161415221345, 1982.575475602358, 2543.39618362503, 3262.8589561832227, 4185.839640905365, 5369.908333356369, 6888.920260312026, 8837.622433542581, 11337.563410019424, 14544.674774557616, 18658.997233100385, 23937.157973024343, 30708.377554666426, 39395.004749630134, 50538.86016806332, 64835.03183512213, 83175.23068550804, 106703.41023631353, 136887.1196655758, 175609.0408810634, 225284.41912217572, 289011.7117238298, 370765.85162438377, 475646.1802562308, 610194.5144115963, 782803.1862201134, 1004238.5073672096, 1288312.3081662438, 1652743.43813399, 2120262.9633982293, 2720031.996638165, 3489460.595433618, 4476541.181182164, 5742842.023504692, 7367347.5060541965, 9451384.706877073, 12124943.584374541, 15554784.984817514, 19954842.20113881, 25599564.870939422, 32841037.527424596, 42130940.55758971, 54048723.3628016, 69337746.99749498, 88951650.65078083, 114113834.03883047, 146393765.86911526, 187804878.04878053]}}