{"rarely": {"companies": [10.0, 71.0204081632653, 132.0408163265306, 193.06122448979593, 254.08163265306123, 315.10204081632656, 376.12244897959187, 437.14285714285717, 498.16326530612247, 559.1836734693878, 620.2040816326531, 681.2244897959184, 742.2448979591837, 803.265306122449, 864.2857142857143, 925.3061224489796, 986.3265306122449, 1047.3469387755104, 1108.3673469387757, 1169.387755102041, 1230.4081632653063, 1291.4285714285716, 1352.4489795918369, 1413.4693877551022, 1474.4897959183675, 1535.5102040816328, 1596.530612244898, 1657.5510204081634, 1718.5714285714287, 1779.591836734694, 1840.6122448979593, 1901.6326530612246, 1962.6530612244899, 2023.6734693877552, 2084.6938775510207, 2145.714285714286, 2206.7346938775513, 2267.7551020408164, 2328.775510204082, 2389.795918367347, 2450.8163265306125, 2511.8367346938776, 2572.857142857143, 2633.877551020408, 2694.8979591836737, 2755.918367346939, 2816.9387755102043, 2877.9591836734694, 2938.979591836735, 3000.0], "savings": [16992.87682362011, -9234.4286687975, -12486.51979384965, 7236.603448463653, 49934.94105814239, 115608.49303518664, 204257.25937959627, 315881.24009137147, 450480.435170512, 608054.8446170181, 788604.4684308895, 992129.3066121265, 1218629.359160729, 1468104.626076697, 1740555.10736003, 2035980.803010729, 2354381.7130287928, 2695757.837414223, 3060109.1761670182, 3447435.7292871787, 3857737.4967747047, 4291014.4786295965, 4747266.674851853, 5226494.085441476, 5728696.7103984635, 6253874.549722817, 6802027.6034145355, 7373155.87147362, 7967259.353900069, 8584338.050693886, 9224391.961855065, 9887421.087383611, 10573425.427279523, 11282404.9815428, 12014359.750173444, 12769289.73317145, 13547194.930536825, 14348075.34226956, 15171930.96836967, 16018761.808837134, 16888567.863671973, 17781349.132874172, 18697105.616443742, 19635837.314380668, 20597544.22668497, 21582226.353356626, 22589883.694395658, 23620516.24980205, 24674124.01957581, 25750707.00371693]}, "often": {"companies": [10.0, 71.0204081632653, 132.0408163265306, 193.06122448979593, 254.08163265306123, 315.10204081632656, 376.12244897959187, 437.14285714285717, 498.16326530612247, 559.1836734693878, 620.2040816326531, 681.2244897959184, 742.2448979591837, 803.265306122449, 864.2857142857143, 925.3061224489796, 986.3265306122449, 1047.3469387755104, 1108.3673469387757, 1169.387755102041, 1230.4081632653063, 1291.4285714285716, 1352.4489795918369, 1413.4693877551022, 1474.4897959183675, 1535.5102040816328, 1596.530612244898, 1657.5510204081634, 1718.5714285714287, 1779.591836734694, 1840.6122448979593, 1901.6326530612246, 1962.6530612244899, 2023.6734693877552, 2084.6938775510207, 2145.714285714286, 2206.7346938775513, 2267.7551020408164, 2328.775510204082, 2389.795918367347, 2450.8163265306125, 2511.8367346938776, 2572.857142857143, 2633.877551020408, 2694.8979591836737, 2755.918367346939, 2816.9387755102043, 2877.9591836734694, 2938.979591836735, 3000.0], "savings": [19639.795933039008, 9280.896475805308, 21897.211385937066, 57488.74066343428, 116055.48430829693, 197597.44232052506, 302114.6147001186, 429607.0014470777, 580074.6025614023, 753517.4180430922, 949935.4478921476, 1169328.6921085685, 1411697.150692355, 1677040.8236435067, 1965359.7109620238, 2276653.812647906, 2610923.128701154, 2968167.659121768, 3348387.4039097475, 3751582.363065092, 4177752.5365878018, 4626897.924477878, 5099018.526735318, 5594114.343360124, 6112185.374352296, 6653231.619711833, 7217253.079438736, 7804249.753533004, 8414221.641994638, 9047168.744823638, 9703091.06202, 10381988.593583731, 11083861.339514825, 11808709.299813287, 12556532.474479115, 13327330.863512306, 14121104.466912864, 14937853.284680784, 15777577.316816077, 16640276.563318726, 17525951.02418875, 18434600.699426133, 19366225.589030888, 20320825.693002995, 21298401.01134248, 22298951.544049323, 23322477.29112354, 24368978.252565112, 25438454.428374056, 26530905.818550363]}, "frequently": {"companies": [10.0, 71.0204081632653, 132.0408163265306, 193.06122448979593, 254.08163265306123, 315.10204081632656, 376.12244897959187, 437.14285714285717, 498.16326530612247, 559.1836734693878, 620.2040816326531, 681.2244897959184, 742.2448979591837, 803.265306122449, 864.2857142857143, 925.3061224489796, 986.3265306122449, 1047.3469387755104, 1108.3673469387757, 1169.387755102041, 1230.4081632653063, 1291.4285714285716, 1352.4489795918369, 1413.4693877551022, 1474.4897959183675, 1535.5102040816328, 1596.530612244898, 1657.5510204081634, 1718.5714285714287, 1779.591836734694, 1840.6122448979593, 1901.6326530612246, 1962.6530612244899, 2023.6734693877552, 2084.6938775510207, 2145.714285714286, 2206.7346938775513, 2267.7551020408164, 2328.775510204082, 2389.795918367347, 2450.8163265306125, 2511.8367346938776, 2572.857142857143, 2633.877551020408, 2694.8979591836737, 2755.918367346939, 2816.9387755102043, 2877.9591836734694, 2938.979591836735, 3000.0], "savings": [22356.331687903923, 27865.838265854127, 56350.55921116979, 107810.49452385092, 182245.6442038975, 279656.00825130957, 400041.58666608704, 543402.37944823, 709738.3865977384, 899049.6081146123, 1111336.0439988517, 1346597.6942504563, 1604834.5588694268, 1886046.6378557624, 2190233.931209463, 2517396.4389305296, 2867534.1610189616, 3240647.0974747594, 3636735.248297923, 4055798.613488451, 4497837.193046345, 4962850.986971605, 5450839.995264229, 5961804.21792422, 6495743.654951575, 7052658.306346296, 7632548.172108383, 8235413.252237835, 8861253.546734653, 9510069.055598836, 10181859.778830383, 10876625.716429297, 11594366.868395576, 12335083.234729221, 13098774.815430233, 13885441.610498607, 14695083.61993435, 15527700.843737453, 16383293.281907931, 17261860.934445765, 18163403.80135097, 19087921.88262354, 20035415.178263474, 21005883.68827077, 21999327.412645437, 23015746.351387464, 24055140.50449686, 25117509.87197362, 26202854.453817748, 27311174.250029236]}}