{"frequently": {"companies": [200.0, 41012.244897959186, 81824.48979591837, 122636.73469387756, 163448.97959183675, 204261.22448979592, 245073.46938775512, 285885.7142857143, 326697.9591836735, 367510.20408163266, 408322.44897959183, 449134.69387755106, 489946.93877551024, 530759.1836734695, 571571.4285714286, 612383.6734693878, 653195.918367347, 694008.1632653062, 734820.4081632653, 775632.6530612245, 816444.8979591837, 857257.142857143, 898069.3877551021, 938881.6326530613, 979693.8775510205, 1020506.1224489796, 1061318.367346939, 1102130.612244898, 1142942.8571428573, 1183755.1020408163, 1224567.3469387756, 1265379.5918367347, 1306191.836734694, 1347004.0816326533, 1387816.3265306123, 1428628.5714285716, 1469440.8163265307, 1510253.06122449, 1551065.306122449, 1591877.5510204083, 1632689.7959183673, 1673502.0408163266, 1714314.285714286, 1755126.530612245, 1795938.7755102043, 1836751.0204081633, 1877563.2653061226, 1918375.5102040817, 1959187.755102041, 2000000.0], "savings": [56341.46341463414, 11553449.477351919, 23050557.4912892, 34547665.505226485, 46044773.519163765, 57541881.533101045, 69038989.54703833, 80536097.56097563, 92033205.5749129, 103530313.58885019, 115027421.60278746, 126524529.61672476, 138021637.63066202, 149518745.64459932, 161015853.6585366, 172512961.67247388, 184010069.68641117, 195507177.70034844, 207004285.71428573, 218501393.72822303, 229998501.74216032, 241495609.75609758, 252992717.77003485, 264489825.78397214, 275986933.79790944, 287484041.81184673, 298981149.825784, 310478257.83972126, 321975365.85365856, 333472473.8675958, 344969581.88153315, 356466689.8954704, 367963797.90940773, 379460905.923345, 390958013.93728226, 402455121.95121956, 413952229.9651568, 425449337.97909415, 436946445.9930314, 448443554.00696874, 459940662.020906, 471437770.03484327, 482934878.04878056, 494431986.0627178, 505929094.07665515, 517426202.0905924, 528923310.10452974, 540420418.118467, 551917526.1324043, 563414634.1463416]}, "often": {"companies": [200.0, 41012.244897959186, 81824.48979591837, 122636.73469387756, 163448.97959183675, 204261.22448979592, 245073.46938775512, 285885.7142857143, 326697.9591836735, 367510.20408163266, 408322.44897959183, 449134.69387755106, 489946.93877551024, 530759.1836734695, 571571.4285714286, 612383.6734693878, 653195.918367347, 694008.1632653062, 734820.4081632653, 775632.6530612245, 816444.8979591837, 857257.142857143, 898069.3877551021, 938881.6326530613, 979693.8775510205, 1020506.1224489796, 1061318.367346939, 1102130.612244898, 1142942.8571428573, 1183755.1020408163, 1224567.3469387756, 1265379.5918367347, 1306191.836734694, 1347004.0816326533, 1387816.3265306123, 1428628.5714285716, 1469440.8163265307, 1510253.06122449, 1551065.306122449, 1591877.5510204083, 1632689.7959183673, 1673502.0408163266, 1714314.285714286, 1755126.530612245, 1795938.7755102043, 1836751.0204081633, 1877563.2653061226, 1918375.5102040817, 1959187.755102041, 2000000.0], "savings": [37560.9756097561, 7702299.651567945, 15367038.327526134, 23031777.003484324, 30696515.67944251, 38361254.3554007, 46025993.03135889, 53690731.707317084, 61355470.38327527, 69020209.05923346, 76684947.73519164, 84349686.41114984, 92014425.08710802, 99679163.76306622, 107343902.4390244, 115008641.11498259, 122673379.79094078, 130338118.46689896, 138002857.14285716, 145667595.81881535, 153332334.49477354, 160997073.17073172, 168661811.8466899, 176326550.5226481, 183991289.19860628, 191656027.87456447, 199320766.55052269, 206985505.22648084, 214650243.90243906, 222314982.5783972, 229979721.25435543, 237644459.9303136, 245309198.6062718, 252973937.28223002, 260638675.95818818, 268303414.6341464, 275968153.31010455, 283632891.98606277, 291297630.6620209, 298962369.33797914, 306627108.0139373, 314291846.6898955, 321956585.3658537, 329621324.0418119, 337286062.7177701, 344950801.39372826, 352615540.0696865, 360280278.7456446, 367945017.42160285, 375609756.097561]}, "rarely": {"companies": [200.0, 41012.244897959186, 81824.48979591837, 122636.73469387756, 163448.97959183675, 204261.22448979592, 245073.46938775512, 285885.7142857143, 326697.9591836735, 367510.20408163266, 408322.44897959183, 449134.69387755106, 489946.93877551024, 530759.1836734695, 571571.4285714286, 612383.6734693878, 653195.918367347, 694008.1632653062, 734820.4081632653, 775632.6530612245, 816444.8979591837, 857257.142857143, 898069.3877551021, 938881.6326530613, 979693.8775510205, 1020506.1224489796, 1061318.367346939, 1102130.612244898, 1142942.8571428573, 1183755.1020408163, 1224567.3469387756, 1265379.5918367347, 1306191.836734694, 1347004.0816326533, 1387816.3265306123, 1428628.5714285716, 1469440.8163265307, 1510253.06122449, 1551065.306122449, 1591877.5510204083, 1632689.7959183673, 1673502.0408163266, 1714314.285714286, 1755126.530612245, 1795938.7755102043, 1836751.0204081633, 1877563.2653061226, 1918375.5102040817, 1959187.755102041, 2000000.0], "savings": [18780.48780487805, 3851149.8257839726, 7683519.163763067, 11515888.501742162, 15348257.839721255, 19180627.17770035, 23012996.515679445, 26845365.853658542, 30677735.191637635, 34510104.52961673, 38342473.86759582, 42174843.20557492, 46007212.54355401, 49839581.88153311, 53671951.2195122, 57504320.557491295, 61336689.89547039, 65169059.23344948, 69001428.57142858, 72833797.90940768, 76666167.24738677, 80498536.58536586, 84330905.92334495, 88163275.26132405, 91995644.59930314, 95828013.93728223, 99660383.27526134, 103492752.61324042, 107325121.95121953, 111157491.2891986, 114989860.62717772, 118822229.9651568, 122654599.3031359, 126486968.64111501, 130319337.97909409, 134151707.3170732, 137984076.65505227, 141816445.99303138, 145648815.33101046, 149481184.66898957, 153313554.00696865, 157145923.34494776, 160978292.68292686, 164810662.02090594, 168643031.35888505, 172475400.69686413, 176307770.03484324, 180140139.3728223, 183972508.71080142, 187804878.0487805]}}