{"frequently": {"companies": [200.0, 1216.3265306122448, 2232.6530612244896, 3248.979591836735, 4265.306122448979, 5281.632653061225, 6297.95918367347, 7314.285714285715, 8330.612244897959, 9346.938775510205, 10363.26530612245, 11379.591836734695, 12395.91836734694, 13412.244897959185, 14428.57142857143, 15444.897959183674, 16461.224489795917, 17477.551020408166, 18493.87755102041, 19510.204081632655, 20526.5306122449, 21542.857142857145, 22559.18367346939, 23575.510204081635, 24591.83673469388, 25608.163265306124, 26624.48979591837, 27640.816326530614, 28657.14285714286, 29673.469387755104, 30689.79591836735, 31706.122448979593, 32722.448979591838, 33738.77551020408, 34755.10204081633, 35771.42857142857, 36787.75510204082, 37804.08163265306, 38820.40816326531, 39836.73469387755, 40853.0612244898, 41869.38775510204, 42885.71428571429, 43902.04081632653, 44918.36734693878, 45934.69387755102, 46951.02040816327, 47967.34693877551, 48983.67346938776, 50000.0], "savings": [56341.46341463414, 342648.0836236934, 628954.7038327525, 915261.324041812, 1201567.944250871, 1487874.5644599304, 1774181.1846689899, 2060487.8048780488, 2346794.425087108, 2633101.045296168, 2919407.6655052267, 3205714.285714286, 3492020.905923345, 3778327.526132405, 4064634.1463414636, 4350940.766550523, 4637247.386759582, 4923554.006968642, 5209860.627177701, 5496167.24738676, 5782473.86759582, 6068780.4878048785, 6355087.108013937, 6641393.728222998, 6927700.348432057, 7214006.968641115, 7500313.588850176, 7786620.209059235, 8072926.829268293, 8359233.449477353, 8645540.069686413, 8931846.68989547, 9218153.31010453, 9504459.930313589, 9790766.55052265, 10077073.170731708, 10363379.790940769, 10649686.411149826, 10935993.031358887, 11222299.651567945, 11508606.271777004, 11794912.891986065, 12081219.512195123, 12367526.132404182, 12653832.752613243, 12940139.372822301, 13226445.99303136, 13512752.613240419, 13799059.233449478, 14085365.853658536]}, "often": {"companies": [200.0, 1216.3265306122448, 2232.6530612244896, 3248.979591836735, 4265.306122448979, 5281.632653061225, 6297.95918367347, 7314.285714285715, 8330.612244897959, 9346.938775510205, 10363.26530612245, 11379.591836734695, 12395.91836734694, 13412.244897959185, 14428.57142857143, 15444.897959183674, 16461.224489795917, 17477.551020408166, 18493.87755102041, 19510.204081632655, 20526.5306122449, 21542.857142857145, 22559.18367346939, 23575.510204081635, 24591.83673469388, 25608.163265306124, 26624.48979591837, 27640.816326530614, 28657.14285714286, 29673.469387755104, 30689.79591836735, 31706.122448979593, 32722.448979591838, 33738.77551020408, 34755.10204081633, 35771.42857142857, 36787.75510204082, 37804.08163265306, 38820.40816326531, 39836.73469387755, 40853.0612244898, 41869.38775510204, 42885.71428571429, 43902.04081632653, 44918.36734693878, 45934.69387755102, 46951.02040816327, 47967.34693877551, 48983.67346938776, 50000.0], "savings": [37560.9756097561, 228432.05574912892, 419303.1358885017, 610174.2160278746, 801045.2961672473, 991916.3763066203, 1182787.4564459932, 1373658.536585366, 1564529.6167247386, 1755400.6968641118, 1946271.7770034845, 2137142.8571428573, 2328013.9372822302, 2518885.017421603, 2709756.0975609757, 2900627.1777003487, 3091498.257839721, 3282369.3379790946, 3473240.4181184676, 3664111.49825784, 3854982.578397213, 4045853.658536586, 4236724.7386759585, 4427595.818815332, 4618466.898954704, 4809337.979094077, 5000209.05923345, 5191080.139372823, 5381951.219512195, 5572822.299651569, 5763693.379790941, 5954564.459930314, 6145435.540069687, 6336306.62020906, 6527177.700348433, 6718048.780487806, 6908919.860627179, 7099790.940766551, 7290662.020905924, 7481533.1010452965, 7672404.18118467, 7863275.261324042, 8054146.341463416, 8245017.421602787, 8435888.501742162, 8626759.581881534, 8817630.662020907, 9008501.74216028, 9199372.822299652, 9390243.902439024]}, "rarely": {"companies": [200.0, 1216.3265306122448, 2232.6530612244896, 3248.979591836735, 4265.306122448979, 5281.632653061225, 6297.95918367347, 7314.285714285715, 8330.612244897959, 9346.938775510205, 10363.26530612245, 11379.591836734695, 12395.91836734694, 13412.244897959185, 14428.57142857143, 15444.897959183674, 16461.224489795917, 17477.551020408166, 18493.87755102041, 19510.204081632655, 20526.5306122449, 21542.857142857145, 22559.18367346939, 23575.510204081635, 24591.83673469388, 25608.163265306124, 26624.48979591837, 27640.816326530614, 28657.14285714286, 29673.469387755104, 30689.79591836735, 31706.122448979593, 32722.448979591838, 33738.77551020408, 34755.10204081633, 35771.42857142857, 36787.75510204082, 37804.08163265306, 38820.40816326531, 39836.73469387755, 40853.0612244898, 41869.38775510204, 42885.71428571429, 43902.04081632653, 44918.36734693878, 45934.69387755102, 46951.02040816327, 47967.34693877551, 48983.67346938776, 50000.0], "savings": [18780.48780487805, 114216.02787456446, 209651.56794425086, 305087.1080139373, 400522.6480836237, 495958.18815331016, 591393.7282229966, 686829.268292683, 782264.8083623693, 877700.3484320559, 973135.8885017423, 1068571.4285714286, 1164006.9686411151, 1259442.5087108016, 1354878.0487804879, 1450313.5888501743, 1545749.1289198606, 1641184.6689895473, 1736620.2090592338, 1832055.74912892, 1927491.2891986065, 2022926.829268293, 2118362.3693379792, 2213797.909407666, 2309233.449477352, 2404668.9895470385, 2500104.529616725, 2595540.0696864114, 2690975.6097560977, 2786411.1498257844, 2881846.6898954706, 2977282.229965157, 3072717.7700348436, 3168153.31010453, 3263588.8501742166, 3359024.390243903, 3454459.9303135895, 3549895.4703832753, 3645331.010452962, 3740766.5505226483, 3836202.090592335, 3931637.630662021, 4027073.170731708, 4122508.7108013937, 4217944.250871081, 4313379.790940767, 4408815.331010453, 4504250.87108014, 4599686.411149826, 4695121.951219512]}}